GROUP,PACKAGE,CLASS,INSTRUCTION_MISSED,INSTRUCTION_COVERED,BRANCH_MISSED,BRANCH_COVERED,LINE_MISSED,LINE_COVERED,COMPLEXITY_MISSED,COMPLEXITY_COVERED,METHOD_MISSED,METHOD_COVERED
pizza-paradise,io.swagger.configuration,CustomInstantDeserializer.FromIntegerArguments,9,0,0,0,4,0,1,0,1,0
pizza-paradise,io.swagger.configuration,CustomInstantDeserializer.new Function() {...},3,3,0,0,1,1,1,1,1,1
pizza-paradise,io.swagger.configuration,CustomInstantDeserializer.new Function() {...},7,3,0,0,1,1,1,1,1,1
pizza-paradise,io.swagger.configuration,CustomInstantDeserializer.new Function() {...},3,3,0,0,1,1,1,1,1,1
pizza-paradise,io.swagger.configuration,CustomInstantDeserializer.new Function() {...},4,3,0,0,1,1,1,1,1,1
pizza-paradise,io.swagger.configuration,CustomInstantDeserializer.new Function() {...},7,3,0,0,1,1,1,1,1,1
pizza-paradise,io.swagger.configuration,CustomInstantDeserializer.new Function() {...},3,3,0,0,1,1,1,1,1,1
pizza-paradise,io.swagger.configuration,CustomInstantDeserializer.new Function() {...},7,3,0,0,1,1,1,1,1,1
pizza-paradise,io.swagger.configuration,CustomInstantDeserializer.new Function() {...},10,3,0,0,2,1,1,1,1,1
pizza-paradise,io.swagger.configuration,CustomInstantDeserializer.new BiFunction() {...},8,3,0,0,1,1,1,1,1,1
pizza-paradise,io.swagger.configuration,MongoDBConfiguration,0,4,0,0,0,2,0,2,0,2
pizza-paradise,io.swagger.configuration,CustomInstantDeserializer.new BiFunction() {...},2,6,0,0,1,1,1,1,1,1
pizza-paradise,io.swagger.configuration,CustomInstantDeserializer.new BiFunction() {...},4,3,0,0,1,1,1,1,1,1
pizza-paradise,io.swagger.configuration,SwaggerDocumentationConfig,0,46,0,0,0,17,0,3,0,3
pizza-paradise,io.swagger.configuration,CustomInstantDeserializer.new Function() {...},10,3,0,0,2,1,1,1,1,1
pizza-paradise,io.swagger.configuration,CustomInstantDeserializer,169,77,16,2,37,9,13,3,4,2
pizza-paradise,io.swagger.configuration,CustomInstantDeserializer.FromDecimalArguments,12,0,0,0,5,0,1,0,1,0
pizza-paradise,io.swagger.configuration,JacksonConfiguration,0,24,0,0,0,6,0,2,0,2
pizza-paradise,io.swagger.configuration,HomeController,2,3,0,0,1,1,1,1,1,1
pizza-paradise,io.swagger,Message,3,0,0,0,1,0,1,0,1,0
pizza-paradise,io.swagger,DBToppingItems,3,85,0,0,1,18,1,1,1,1
pizza-paradise,io.swagger,DBSideItems,3,190,0,0,1,42,1,1,1,1
pizza-paradise,io.swagger,DBStoreItems,3,31,0,0,1,3,1,1,1,1
pizza-paradise,io.swagger,PizzaParadiseApplication,5,19,0,0,2,7,1,2,1,2
pizza-paradise,io.swagger,DBSpecialItems,3,22,0,0,1,3,1,1,1,1
pizza-paradise,io.swagger,RFC3339DateFormat,13,0,0,0,4,0,2,0,2,0
pizza-paradise,io.swagger,DBPizzaSizes,3,28,0,0,1,6,1,1,1,1
pizza-paradise,io.swagger.service,StoreService,0,43,0,2,0,12,0,8,0,7
pizza-paradise,io.swagger.service,ToppingItemService,0,33,0,2,0,10,0,6,0,5
pizza-paradise,io.swagger.service,PizzaService,0,129,0,10,0,22,0,8,0,3
pizza-paradise,io.swagger.service,PizzaSizeService,0,35,0,2,0,11,0,6,0,5
pizza-paradise,io.swagger.service,ApplySpecialService,418,3,48,0,91,1,33,1,8,1
pizza-paradise,io.swagger.service,SpecialItemService,0,33,0,2,0,10,0,6,0,5
pizza-paradise,io.swagger.service,PurchaseService,0,81,0,4,0,15,0,6,0,4
pizza-paradise,io.swagger.service,SideService,0,42,0,4,0,12,0,7,0,5
pizza-paradise,io.swagger.service,CartService,6,330,0,14,2,67,0,21,0,14
pizza-paradise,io.swagger.api,ApplySpecialApiController,76,3,8,0,17,1,5,1,1,1
pizza-paradise,io.swagger.api,SideApiController,48,11,4,0,10,2,5,2,3,2
pizza-paradise,io.swagger.api,CartApiController,286,3,28,0,57,1,21,1,7,1
pizza-paradise,io.swagger.api,ToppingApiController,60,3,6,0,12,1,7,1,4,1
pizza-paradise,io.swagger.api,PizzaCountApiController,105,18,6,0,18,6,5,1,2,1
pizza-paradise,io.swagger.api,PurchaseApiController,62,3,8,0,9,1,5,1,1,1
pizza-paradise,io.swagger.api,StoreApiController,59,3,4,0,11,1,6,1,4,1
pizza-paradise,io.swagger.api,NotFoundException,8,0,0,0,3,0,1,0,1,0
pizza-paradise,io.swagger.api,SpecialApiController,60,3,6,0,13,1,7,1,4,1
pizza-paradise,io.swagger.api,ApiException,7,0,0,0,3,0,1,0,1,0
pizza-paradise,io.swagger.api,PizzaSizeApiController,60,3,6,0,11,1,7,1,4,1
pizza-paradise,io.swagger.model,Receipt,18,113,7,7,2,24,4,10,0,7
pizza-paradise,io.swagger.model,Card,0,117,0,16,0,25,0,17,0,9
pizza-paradise,io.swagger.model,SpecialItem,0,124,0,14,0,31,0,17,0,10
pizza-paradise,io.swagger.model,Cart,0,163,0,18,0,35,0,22,0,13
pizza-paradise,io.swagger.model,ApplySpecialResponse,8,168,6,8,4,32,7,13,1,12
pizza-paradise,io.swagger.model,StoreItem,0,236,0,20,0,47,0,27,0,17
pizza-paradise,io.swagger.model,SideItem,0,321,0,16,0,73,0,21,0,13
pizza-paradise,io.swagger.model,PriceResponse,0,42,0,0,0,16,0,6,0,6
pizza-paradise,io.swagger.model,PurchaseResponse,0,33,0,0,0,13,0,5,0,5
pizza-paradise,io.swagger.model,CartAddResponse,2,202,7,31,1,45,7,23,0,11
pizza-paradise,io.swagger.model,ToppingItem,0,241,0,20,0,57,0,28,0,18
pizza-paradise,io.swagger.model,Pizza,0,83,0,12,0,16,0,12,0,6
pizza-paradise,io.swagger.model,PizzaSize,0,145,0,16,0,35,0,20,0,12
pizza-paradise,io.swagger.model,PizzaSuggestionResponse,0,21,0,0,0,8,0,4,0,4
pizza-paradise,io.swagger.exceptions,ToppingNotFoundException,0,3,0,0,0,1,0,1,0,1
